use mysql;
grant all privileges on *.* to 'root'@'%' identified by 'dzhelp_2020';
flush privileges;

create database c4_project_check;

use c4_project_check;
SET NAMES utf8mb4;

-- ----------------------------
--  Table structure for `address`
-- ----------------------------
DROP TABLE IF EXISTS `address`;
CREATE TABLE `address` (
  `id` int(11) unsigned NOT NULL AUTO_INCREMENT COMMENT '主键',
  `title` varchar(64) NOT NULL COMMENT '地点名称',
  `region` varchar(255) NOT NULL COMMENT '省市区',
  `address` varchar(255) NOT NULL COMMENT '详情地址',
  `create_time` int(11) NOT NULL DEFAULT '0' COMMENT '创建时间',
  PRIMARY KEY (`id`)
) ENGINE=InnoDB DEFAULT CHARSET=utf8mb4 ROW_FORMAT=DYNAMIC COMMENT='打卡地点表';

-- ----------------------------
--  Records of `address`
-- ----------------------------
BEGIN;
INSERT INTO `address` VALUES ('1', '长沙CSDN', '湖南省长沙市岳麓区', '麓谷街道芯城科技园二期', '1623921145'), ('2', '北京CSDN', '北京省北京市朝阳区', '恒通商务园B8栋2层', '1623921145');
COMMIT;

-- ----------------------------
--  Table structure for `admin_login`
-- ----------------------------
DROP TABLE IF EXISTS `admin_login`;
CREATE TABLE `admin_login` (
  `id` int(11) unsigned NOT NULL AUTO_INCREMENT COMMENT '主键',
  `uid` int(11) NOT NULL COMMENT '用户id',
  `login_name` varchar(32) NOT NULL COMMENT '登录名',
  `password` varchar(64) NOT NULL COMMENT '密码hash',
  `salt` char(32) NOT NULL COMMENT '密码盐',
  `create_time` int(11) NOT NULL COMMENT '创建时间',
  PRIMARY KEY (`id`)
) ENGINE=InnoDB DEFAULT CHARSET=utf8mb4 ROW_FORMAT=DYNAMIC COMMENT='用户登录表';

-- ----------------------------
--  Records of `admin_login`
-- ----------------------------
BEGIN;
INSERT INTO `admin_login` VALUES ('1', '1', 'admin', '77cf918a45cb845fe0954196acef1fc8ef1e4b9c419f18892aef41ae25e041e3', '21232f297a57a5a743894a0e4a801fc3', '0');
COMMIT;

-- ----------------------------
--  Table structure for `dateday`
-- ----------------------------
DROP TABLE IF EXISTS `dateday`;
CREATE TABLE `dateday` (
  `id` char(32) NOT NULL COMMENT '主键',
  `dateday` date NOT NULL DEFAULT '2000-01-01' COMMENT '具体日期',
  `duration` tinyint(1) NOT NULL DEFAULT '8' COMMENT '每天的工作时长，默认小时',
  `type` tinyint(1) NOT NULL DEFAULT '1' COMMENT '1：固定时间上下班；2：自由上下班；3：不上班',
  `start_time` time NOT NULL DEFAULT '00:00:00' COMMENT '开始时间',
  `end_time` time NOT NULL DEFAULT '00:00:00' COMMENT '结束时间',
  `create_time` int(11) NOT NULL DEFAULT '0' COMMENT '创建时间',
  PRIMARY KEY (`id`)
) ENGINE=InnoDB DEFAULT CHARSET=utf8mb4 ROW_FORMAT=DYNAMIC COMMENT='工作日期表';

-- ----------------------------
--  Records of `dateday`
-- ----------------------------
BEGIN;
INSERT INTO `dateday` VALUES ('050f5365df2e4f28bac0c05c39b96172', '2021-06-17', '0', '1', '13:00:00', '18:00:00', '1625714855'), ('090bcb13ff6845be9b1f62ec886f6cd2', '2021-06-13', '0', '3', '00:00:00', '00:00:00', '1609294500'), ('136e8fd9fe21497d86a93f8995fe4c44', '2021-06-01', '0', '1', '13:00:00', '18:00:00', '1625714855'), ('1c072742a58047bb966cbf379e2b3078', '2021-06-12', '0', '3', '00:00:00', '00:00:00', '1609294500'), ('22f3f77584da455b8b81b5d11df22209', '2021-06-01', '0', '1', '19:00:00', '23:00:00', '1625714855'), ('2d827858-780144c7baf2cfa6963d733', '2021-05-01', '0', '3', '00:00:00', '00:00:00', '1609294500'), ('2f6e6db2dd7711eba8c7fa163e8c653e', '2021-05-01', '0', '3', '00:00:00', '00:00:00', '1625478952'), ('2f6e70bedd7711eb95d2fa163e8c653e', '2021-05-02', '0', '3', '00:00:00', '00:00:00', '1625478952'), ('2f6e72bcdd7711eb9282fa163e8c653e', '2021-05-03', '0', '3', '00:00:00', '00:00:00', '1625478952'), ('2f6e74a6dd7711ebb4f2fa163e8c653e', '2021-05-04', '0', '3', '00:00:00', '00:00:00', '1625478952'), ('2f6e7672dd7711eb909dfa163e8c653e', '2021-05-05', '0', '3', '00:00:00', '00:00:00', '1625478952'), ('2f6e782add7711eb8d17fa163e8c653e', '2021-06-12', '0', '3', '00:00:00', '00:00:00', '1625478952'), ('2f6e7a64dd7711eba028fa163e8c653e', '2021-06-13', '0', '3', '00:00:00', '00:00:00', '1625478952'), ('2f6e7c30dd7711eb9c13fa163e8c653e', '2021-06-14', '0', '3', '00:00:00', '00:00:00', '1625478952'), ('3899bdbb13af47dfaeb96041596b178a', '2021-06-01', '0', '1', '09:00:00', '12:00:00', '1625714855'), ('40067948168444c5ae9a4a45971da8ab', '2021-06-14', '0', '3', '00:00:00', '00:00:00', '1609294500'), ('4ab4851b5130452bb33ac073a48d6539', '2021-06-17', '0', '1', '19:00:00', '23:00:00', '1625714855'), ('4ab56eefc6ad48c4954dec3f8f0c4b8f', '2021-05-02', '0', '3', '00:00:00', '00:00:00', '1609294500'), ('515925164e8b436b9fc14e8cb6aebc7d', '2021-06-18', '0', '1', '09:00:00', '12:00:00', '1625714855'), ('5dfe63dcdf1911ebba1dfa163e8c653e', '2021-07-07', '8', '2', '00:00:00', '00:00:00', '1625658560'), ('5dfe658adf1911eb924bfa163e8c653e', '2021-07-14', '8', '2', '00:00:00', '00:00:00', '1625658560'), ('5dfe66cadf1911eb9addfa163e8c653e', '2021-07-22', '8', '2', '00:00:00', '00:00:00', '1625658560'), ('5dfe67ecdf1911ebb9aafa163e8c653e', '2021-07-16', '8', '2', '00:00:00', '00:00:00', '1625658560'), ('5dfe6904df1911ebba52fa163e8c653e', '2021-07-15', '8', '2', '00:00:00', '00:00:00', '1625658560'), ('5dfe6a08df1911ebae9efa163e8c653e', '2021-07-13', '8', '2', '00:00:00', '00:00:00', '1625658560'), ('944746abd8774de4b12ac621a4f91fe6', '2021-06-18', '0', '1', '13:00:00', '18:00:00', '1625714855'), ('a94c46aede5811eb97a8fa163e8c653e', '2021-07-14', '0', '3', '00:00:00', '00:00:00', '1625575793'), ('b202a5b2dd3c11eba150fa163e8c653e', '2021-10-25', '0', '3', '00:00:00', '00:00:00', '1625453831'), ('b202a74cdd3c11ebb1e5fa163e8c653e', '2021-10-26', '0', '3', '00:00:00', '00:00:00', '1625453831'), ('b8da32dadd3511ebb870fa163e8c653e', '2021-10-24', '0', '1', '10:00:00', '20:00:00', '1625450836'), ('bd63fb12de5511eb9469fa163e8c653e', '2021-07-10', '0', '3', '00:00:00', '00:00:00', '1625574539'), ('bd63fce8de5511eba6f5fa163e8c653e', '2021-07-17', '0', '3', '00:00:00', '00:00:00', '1625574539'), ('bd63fe3cde5511ebaef9fa163e8c653e', '2021-07-24', '0', '3', '00:00:00', '00:00:00', '1625574539'), ('c0fb7d40119c4e0bb1218b718a1095cd', '2021-05-08', '9', '1', '09:00:00', '18:00:00', '1609294500'), ('cf0debeede5411eb87c5fa163e8c653e', '2021-07-07', '0', '1', '09:00:00', '10:30:00', '1625574139'), ('cf0deec8de5411eba1a4fa163e8c653e', '2021-07-07', '0', '1', '09:00:00', '18:00:00', '1625574139'), ('cf0df0bcde5411eb80dbfa163e8c653e', '2021-07-07', '0', '1', '09:00:00', '12:00:00', '1625574139'), ('cf0df288de5411eba8abfa163e8c653e', '2021-07-29', '0', '1', '09:00:00', '10:30:00', '1625574139'), ('cf0df440de5411eb9027fa163e8c653e', '2021-07-29', '0', '1', '09:00:00', '18:00:00', '1625574139'), ('cf0df5eede5411eba4f8fa163e8c653e', '2021-07-29', '0', '1', '09:00:00', '12:00:00', '1625574139'), ('cf0df792de5411ebabc0fa163e8c653e', '2021-07-15', '0', '1', '09:00:00', '10:30:00', '1625574139'), ('cf0df936de5411ebad1dfa163e8c653e', '2021-07-15', '0', '1', '09:00:00', '18:00:00', '1625574139'), ('cf0dfad0de5411eb9356fa163e8c653e', '2021-07-15', '0', '1', '09:00:00', '12:00:00', '1625574139'), ('cf0dfc7ede5411ebab91fa163e8c653e', '2021-07-14', '0', '1', '09:00:00', '10:30:00', '1625574139'), ('cf0dfe18de5411eb8ff6fa163e8c653e', '2021-07-14', '0', '1', '09:00:00', '18:00:00', '1625574139'), ('cf0dffbcde5411eba2f2fa163e8c653e', '2021-07-14', '0', '1', '09:00:00', '12:00:00', '1625574139'), ('cfbfef34dd7711eb8e2cfa163e8c653e', '2021-06-08', '0', '1', '09:00:00', '18:00:00', '1625479221'), ('de093a61f89d4ed1950dd721d8f49df9', '2021-06-17', '0', '1', '09:00:00', '12:00:00', '1625714855'), ('df928334b9cb464eae95bfb9872b0c04', '2021-05-04', '0', '3', '00:00:00', '00:00:00', '1609294500'), ('dfd74638de5811ebb896fa163e8c653e', '2021-07-02', '0', '3', '00:00:00', '00:00:00', '1625575885'), ('e12cfe5b05064eecbebfcb56b5ffe288', '2021-06-18', '0', '1', '19:00:00', '23:00:00', '1625714855'), ('ebe9f281605b4da2a57bf980ad9c246c', '2021-05-03', '0', '3', '00:00:00', '00:00:00', '1609294500'), ('ece2f62fc52944fbab779f972bf0a595', '2021-05-05', '0', '3', '00:00:00', '00:00:00', '1609294500'), ('f8a34a5cde3c11eb8d0afa163e8c653e', '2021-07-20', '6', '2', '00:00:00', '00:00:00', '1625563901'), ('f8a34c1ede3c11ebb834fa163e8c653e', '2021-07-16', '6', '2', '00:00:00', '00:00:00', '1625563901'), ('f8a34d68de3c11ebb76bfa163e8c653e', '2021-07-22', '6', '2', '00:00:00', '00:00:00', '1625563901'), ('f8a34e8ade3c11eb8feafa163e8c653e', '2021-07-08', '6', '2', '00:00:00', '00:00:00', '1625563901'), ('f8a34f98de3c11ebbef3fa163e8c653e', '2021-07-02', '6', '2', '00:00:00', '00:00:00', '1625563901'), ('f8a3509cde3c11ebb239fa163e8c653e', '2021-07-30', '6', '2', '00:00:00', '00:00:00', '1625563901'), ('f8a351aade3c11eba667fa163e8c653e', '2021-07-24', '6', '2', '00:00:00', '00:00:00', '1625563901');
COMMIT;

-- ----------------------------
--  Table structure for `department`
-- ----------------------------
DROP TABLE IF EXISTS `department`;
CREATE TABLE `department` (
  `id` int(11) unsigned NOT NULL AUTO_INCREMENT COMMENT '主键',
  `name` varchar(64) NOT NULL COMMENT '部门名称',
  `create_time` int(11) NOT NULL DEFAULT '0' COMMENT '创建时间',
  PRIMARY KEY (`id`)
) ENGINE=InnoDB DEFAULT CHARSET=utf8mb4 ROW_FORMAT=DYNAMIC COMMENT='部门表';

-- ----------------------------
--  Records of `department`
-- ----------------------------
BEGIN;
INSERT INTO `department` VALUES ('1', '综合部', '1623920625'), ('2', '运营部', '1623920625'), ('3', '研发部', '1623920625'), ('4', '市场部', '1623920625');
COMMIT;

-- ----------------------------
--  Table structure for `options`
-- ----------------------------
DROP TABLE IF EXISTS `options`;
CREATE TABLE `options` (
  `id` char(32) NOT NULL COMMENT '主键',
  `title` varchar(64) NOT NULL COMMENT '规则选项标题',
  `description` varchar(255) NOT NULL COMMENT '规则选项描述',
  `type` tinyint(1) NOT NULL DEFAULT '1' COMMENT '类型，1：星期，2：日期',
  `create_time` int(11) NOT NULL DEFAULT '0' COMMENT '创建时间',
  PRIMARY KEY (`id`)
) ENGINE=InnoDB DEFAULT CHARSET=utf8mb4 ROW_FORMAT=DYNAMIC COMMENT='规则选项表';

-- ----------------------------
--  Records of `options`
-- ----------------------------
BEGIN;
INSERT INTO `options` VALUES ('2f6e5deadd7711ebbd36fa163e8c653e', '2021年节假日（公休日）', '2021年国务院颁布的全国节假公休日，各企业放假', '2', '1625478952'), ('b8da28d0dd3511ebba78fa163e8c653e', '1024程序员节', '1024程序员节，所有开发加班', '2', '1625450836'), ('c5557e1cdd3411eba965fa163e8c653e', '五天班（朝九晚六）', '每周上班五天周一到周五，早上9:00到晚上18:00。', '1', '1625450427'), ('cfbfe4f8dd7711eb86c0fa163e8c653e', '2021年节假日调班（上班日）', '2021年节假日调休带来的调班，需要上班。', '2', '1625479221');
COMMIT;

-- ----------------------------
--  Table structure for `rel_department_user`
-- ----------------------------
DROP TABLE IF EXISTS `rel_department_user`;
CREATE TABLE `rel_department_user` (
  `id` int(11) NOT NULL COMMENT '主键',
  `dept_id` int(11) NOT NULL COMMENT '部门id',
  `user_id` int(11) NOT NULL COMMENT '用户id',
  PRIMARY KEY (`id`)
) ENGINE=InnoDB DEFAULT CHARSET=utf8mb4 ROW_FORMAT=DYNAMIC COMMENT='部门用户表';

-- ----------------------------
--  Records of `rel_department_user`
-- ----------------------------
BEGIN;
INSERT INTO `rel_department_user` VALUES ('1', '1', '11'), ('2', '2', '5'), ('3', '2', '6'), ('4', '3', '2'), ('5', '3', '3'), ('6', '3', '4'), ('7', '3', '7'), ('8', '3', '8'), ('9', '3', '9'), ('10', '4', '10'), ('11', '4', '1');
COMMIT;

-- ----------------------------
--  Table structure for `rel_rule_address`
-- ----------------------------
DROP TABLE IF EXISTS `rel_rule_address`;
CREATE TABLE `rel_rule_address` (
  `rule_id` char(32) NOT NULL DEFAULT '0' COMMENT '规则id',
  `address_id` int(11) NOT NULL DEFAULT '0' COMMENT '地址id',
  PRIMARY KEY (`rule_id`,`address_id`)
) ENGINE=InnoDB DEFAULT CHARSET=utf8mb4 ROW_FORMAT=DYNAMIC COMMENT='规则打卡地点表';

-- ----------------------------
--  Records of `rel_rule_address`
-- ----------------------------
BEGIN;
INSERT INTO `rel_rule_address` VALUES ('19daa0b2dd7f11eb9ef4fa163e8c653e', '1'), ('74ad80c2dd5c11eba950fa163e8c653e', '1'), ('74ad80c2dd5c11eba950fa163e8c653e', '2');
COMMIT;

-- ----------------------------
--  Table structure for `rel_rule_option`
-- ----------------------------
DROP TABLE IF EXISTS `rel_rule_option`;
CREATE TABLE `rel_rule_option` (
  `rule_id` char(32) NOT NULL,
  `option_id` char(32) NOT NULL,
  `sort` int(11) NOT NULL DEFAULT '1' COMMENT '规则选项排序值',
  PRIMARY KEY (`rule_id`,`option_id`)
) ENGINE=InnoDB DEFAULT CHARSET=utf8mb4 ROW_FORMAT=DYNAMIC COMMENT='规则选项表';

-- ----------------------------
--  Records of `rel_rule_option`
-- ----------------------------
BEGIN;
INSERT INTO `rel_rule_option` VALUES ('19daa0b2dd7f11eb9ef4fa163e8c653e', '2f6e5deadd7711ebbd36fa163e8c653e', '1'), ('19daa0b2dd7f11eb9ef4fa163e8c653e', 'b8da28d0dd3511ebba78fa163e8c653e', '1'), ('19daa0b2dd7f11eb9ef4fa163e8c653e', 'c5557e1cdd3411eba965fa163e8c653e', '1'), ('19daa0b2dd7f11eb9ef4fa163e8c653e', 'cfbfe4f8dd7711eb86c0fa163e8c653e', '1'), ('74ad80c2dd5c11eba950fa163e8c653e', '2f6e5deadd7711ebbd36fa163e8c653e', '1'), ('74ad80c2dd5c11eba950fa163e8c653e', 'b8da28d0dd3511ebba78fa163e8c653e', '1'), ('74ad80c2dd5c11eba950fa163e8c653e', 'c5557e1cdd3411eba965fa163e8c653e', '1'), ('74ad80c2dd5c11eba950fa163e8c653e', 'cfbfe4f8dd7711eb86c0fa163e8c653e', '1');
COMMIT;

-- ----------------------------
--  Table structure for `rel_user_rule`
-- ----------------------------
DROP TABLE IF EXISTS `rel_user_rule`;
CREATE TABLE `rel_user_rule` (
  `id` int(11) unsigned NOT NULL AUTO_INCREMENT COMMENT '主键',
  `rule_id` char(32) NOT NULL COMMENT '规则id',
  `user_id` int(11) NOT NULL COMMENT '用户id',
  PRIMARY KEY (`id`)
) ENGINE=InnoDB DEFAULT CHARSET=utf8mb4 ROW_FORMAT=DYNAMIC COMMENT='用户规则表';

-- ----------------------------
--  Records of `rel_user_rule`
-- ----------------------------
BEGIN;
INSERT INTO `rel_user_rule` VALUES ('157', '19daa0b2dd7f11eb9ef4fa163e8c653e', '11'), ('158', '19daa0b2dd7f11eb9ef4fa163e8c653e', '5'), ('159', '19daa0b2dd7f11eb9ef4fa163e8c653e', '6'), ('160', '19daa0b2dd7f11eb9ef4fa163e8c653e', '10'), ('161', '19daa0b2dd7f11eb9ef4fa163e8c653e', '1'), ('162', '74ad80c2dd5c11eba950fa163e8c653e', '2'), ('163', '74ad80c2dd5c11eba950fa163e8c653e', '3'), ('164', '74ad80c2dd5c11eba950fa163e8c653e', '4'), ('165', '74ad80c2dd5c11eba950fa163e8c653e', '7'), ('166', '74ad80c2dd5c11eba950fa163e8c653e', '8'), ('167', '74ad80c2dd5c11eba950fa163e8c653e', '9');
COMMIT;

-- ----------------------------
--  Table structure for `rel_workday`
-- ----------------------------
DROP TABLE IF EXISTS `rel_workday`;
CREATE TABLE `rel_workday` (
  `option_id` char(32) NOT NULL COMMENT '规则选项id',
  `work_id` char(32) NOT NULL COMMENT '星期或者日期id',
  PRIMARY KEY (`option_id`,`work_id`)
) ENGINE=InnoDB DEFAULT CHARSET=utf8mb4 ROW_FORMAT=DYNAMIC COMMENT='工作日表';

-- ----------------------------
--  Records of `rel_workday`
-- ----------------------------
BEGIN;
INSERT INTO `rel_workday` VALUES ('2f6e5deadd7711ebbd36fa163e8c653e', '2f6e6db2dd7711eba8c7fa163e8c653e'), ('2f6e5deadd7711ebbd36fa163e8c653e', '2f6e70bedd7711eb95d2fa163e8c653e'), ('2f6e5deadd7711ebbd36fa163e8c653e', '2f6e72bcdd7711eb9282fa163e8c653e'), ('2f6e5deadd7711ebbd36fa163e8c653e', '2f6e74a6dd7711ebb4f2fa163e8c653e'), ('2f6e5deadd7711ebbd36fa163e8c653e', '2f6e7672dd7711eb909dfa163e8c653e'), ('2f6e5deadd7711ebbd36fa163e8c653e', '2f6e782add7711eb8d17fa163e8c653e'), ('2f6e5deadd7711ebbd36fa163e8c653e', '2f6e7a64dd7711eba028fa163e8c653e'), ('2f6e5deadd7711ebbd36fa163e8c653e', '2f6e7c30dd7711eb9c13fa163e8c653e'), ('5b3ca4b424a1418b9d02d901b65fce41', '24d7642d53d14304a626d19de4867c99'), ('5b3ca4b424a1418b9d02d901b65fce41', '6277adf1d8d646c9906926a60d3884fd'), ('5b3ca4b424a1418b9d02d901b65fce41', 'd825b427044d44f2b90a2da1cf820e8f'), ('90cf5ac3654e46a1b63471c393c46c9e', '0a82eb2b55ee4bb298dd669c83a87a7b'), ('90cf5ac3654e46a1b63471c393c46c9e', '3571b3a4890b4badaee82f26500c3a88'), ('90cf5ac3654e46a1b63471c393c46c9e', '5032c4d0db1f430da6b3055d473ae1da'), ('90cf5ac3654e46a1b63471c393c46c9e', '778b020f2af54965a6584d6a25c1bbfd'), ('90cf5ac3654e46a1b63471c393c46c9e', '928e437cf5214818b2973968c8305734'), ('90cf5ac3654e46a1b63471c393c46c9e', 'a26548422e1f45639164bee77775101b'), ('90cf5ac3654e46a1b63471c393c46c9e', 'bda938eb7b484e789b62d5fefdca9228'), ('90cf5ac3654e46a1b63471c393c46c9e', 'd12056b6c30547d3a5284f46540621a7'), ('90cf5ac3654e46a1b63471c393c46c9e', 'ea11deb8fa834765b941fe954d188948'), ('96c0f859ca06499ea1270b929dd8b9d6', '1d03ced83f864d17872abed8a4731965'), ('96c0f859ca06499ea1270b929dd8b9d6', '9b0b64ede6974189a37a81e926b61fad'), ('96c0f859ca06499ea1270b929dd8b9d6', 'a7429adc15d244e1abcb053d5b67346a'), ('b8da28d0dd3511ebba78fa163e8c653e', 'b8da32dadd3511ebb870fa163e8c653e'), ('bd60b7d3f73c408c8c08c05ca3ac1a79', '0fff3e8b1fd345f295ba2152010dfd69'), ('bd60b7d3f73c408c8c08c05ca3ac1a79', '1f98ad56c6bc4b02bc53a22d2d161741'), ('bd60b7d3f73c408c8c08c05ca3ac1a79', '74c5f2a1ce764584872f912abc9280dc'), ('bd60b7d3f73c408c8c08c05ca3ac1a79', 'ab41ff48814f406985917fcc4948a266'), ('bd60b7d3f73c408c8c08c05ca3ac1a79', 'c2918a38687f470eb596c7e89dc5844e'), ('bd60b7d3f73c408c8c08c05ca3ac1a79', 'd593c72dc0614be1913f4705765b4a73'), ('c5557e1cdd3411eba965fa163e8c653e', 'c5558d62dd3411eba094fa163e8c653e'), ('c5557e1cdd3411eba965fa163e8c653e', 'c5559046dd3411ebbd5ffa163e8c653e'), ('c5557e1cdd3411eba965fa163e8c653e', 'c5559280dd3411ebaca6fa163e8c653e'), ('c5557e1cdd3411eba965fa163e8c653e', 'c5559474dd3411eb9541fa163e8c653e'), ('c5557e1cdd3411eba965fa163e8c653e', 'c5559640dd3411eba4d8fa163e8c653e'), ('c8e43c56d98511eb939e0242ac150004', 'c8e4faf6d98511eb86fe0242ac150004'), ('cfbfe4f8dd7711eb86c0fa163e8c653e', 'cfbfef34dd7711eb8e2cfa163e8c653e'), ('d50046c4d98511eb988f0242ac150004', 'd501533ed98511eb89a80242ac150004');
COMMIT;

-- ----------------------------
--  Table structure for `rule`
-- ----------------------------
DROP TABLE IF EXISTS `rule`;
CREATE TABLE `rule` (
  `id` char(32) NOT NULL COMMENT '主键',
  `title` varchar(64) NOT NULL COMMENT '规则名称',
  `description` varchar(255) NOT NULL COMMENT '规则描述',
  `influenced` tinyint(1) NOT NULL DEFAULT '0' COMMENT '适用人数',
  `status` tinyint(1) NOT NULL DEFAULT '0' COMMENT '0：未使用；1：已使用；2：已禁用',
  `create_time` int(11) NOT NULL DEFAULT '0' COMMENT '创建时间',
  PRIMARY KEY (`id`)
) ENGINE=InnoDB DEFAULT CHARSET=utf8mb4 ROW_FORMAT=DYNAMIC COMMENT='规则表';

-- ----------------------------
--  Records of `rule`
-- ----------------------------
BEGIN;
INSERT INTO `rule` VALUES ('19daa0b2dd7f11eb9ef4fa163e8c653e', '长沙CSDN', '长沙CSDN全员打卡规则', '5', '1', '1625482352'), ('74ad80c2dd5c11eba950fa163e8c653e', '研发部打卡规则', '会尽快尽快', '6', '1', '1625467472');
COMMIT;

-- ----------------------------
--  Table structure for `user`
-- ----------------------------
DROP TABLE IF EXISTS `user`;
CREATE TABLE `user` (
  `id` int(11) unsigned NOT NULL AUTO_INCREMENT COMMENT '主键',
  `real_name` varchar(64) CHARACTER SET utf8 NOT NULL COMMENT '用户真实姓名',
  `gender` tinyint(1) NOT NULL DEFAULT '1' COMMENT '0女性，1男性',
  `birthday` date NOT NULL COMMENT '出生年月日',
  `create_time` int(11) NOT NULL DEFAULT '0' COMMENT '创建时间',
  PRIMARY KEY (`id`)
) ENGINE=InnoDB DEFAULT CHARSET=utf8mb4 ROW_FORMAT=DYNAMIC COMMENT='用户表';

-- ----------------------------
--  Records of `user`
-- ----------------------------
BEGIN;
INSERT INTO `user` VALUES ('1', '白月光', '1', '1986-10-04', '1623919108'), ('2', '丢哥', '1', '1987-02-14', '1623919108'), ('3', '湘王', '1', '1980-10-01', '1623919108'), ('4', '画家', '1', '1987-12-01', '1623919108'), ('5', '发财', '0', '1987-03-21', '1623919108'), ('6', '戴戴米', '0', '1985-12-01', '1623919108'), ('7', '郝三石', '1', '1990-08-01', '1623919108'), ('8', '环环', '1', '1993-09-01', '1623919108'), ('9', '邵鹏', '1', '1993-06-01', '1623919108'), ('10', '小海', '1', '1999-02-01', '1623919108'), ('11', '团子', '0', '1998-01-01', '1623919108');
COMMIT;

-- ----------------------------
--  Table structure for `weekday`
-- ----------------------------
DROP TABLE IF EXISTS `weekday`;
CREATE TABLE `weekday` (
  `id` char(32) NOT NULL COMMENT '主键',
  `weekday` tinyint(1) NOT NULL DEFAULT '0' COMMENT '周几，默认从0开始，0：周日；1：周一；依此类推',
  `duration` tinyint(1) NOT NULL DEFAULT '8' COMMENT '每天的工作时长，默认小时',
  `type` tinyint(1) NOT NULL DEFAULT '1' COMMENT '1：固定时间上下班；2：自由上下班；3：不上班',
  `start_time` time NOT NULL DEFAULT '00:00:00' COMMENT '开始时间',
  `end_time` time NOT NULL DEFAULT '00:00:00' COMMENT '结束时间',
  `create_time` int(11) NOT NULL DEFAULT '0' COMMENT '创建时间',
  PRIMARY KEY (`id`)
) ENGINE=InnoDB DEFAULT CHARSET=utf8mb4 ROW_FORMAT=DYNAMIC COMMENT='工作星期表';

-- ----------------------------
--  Records of `weekday`
-- ----------------------------
BEGIN;
INSERT INTO `weekday` VALUES ('00addd88dd3511ebbe07fa163e8c653e', '1', '0', '1', '09:00:00', '17:30:00', '1625450527'), ('00addf36dd3511eb9e89fa163e8c653e', '2', '0', '1', '09:00:00', '17:30:00', '1625450527'), ('00ade080dd3511eb89f0fa163e8c653e', '3', '0', '1', '09:00:00', '17:30:00', '1625450527'), ('00ade1fcdd3511ebb142fa163e8c653e', '4', '0', '1', '09:00:00', '17:30:00', '1625450527'), ('00ade38cdd3511eb8821fa163e8c653e', '5', '0', '1', '09:00:00', '17:30:00', '1625450527'), ('00ade4a4dd3511ebb57bfa163e8c653e', '6', '0', '1', '09:00:00', '17:30:00', '1625450527'), ('0268def0de5911ebb2b3fa163e8c653e', '2', '0', '3', '00:00:00', '00:00:00', '1625575943'), ('0781c4f8dae211eb8dbcfa163e8c653e', '3', '0', '3', '00:00:00', '00:00:00', '1625194988'), ('0811a210de5911eb9df4fa163e8c653e', '2', '0', '3', '00:00:00', '00:00:00', '1625575952'), ('08471c19e80d4453a4dfb37bf3afbfdb', '1', '0', '1', '09:00:00', '12:00:00', '1625052644'), ('0cd89c18da3511eba4b0fa163e8c653e', '1', '0', '1', '00:30:00', '00:45:00', '1625120694'), ('0cfbe4fcde5911ebae1afa163e8c653e', '4', '0', '3', '00:00:00', '00:00:00', '1625575961'), ('0da3d7972a1d4eb8883efd920b5c3005', '3', '0', '1', '19:00:00', '23:00:00', '1625052644'), ('0fff3e8b1fd345f295ba2152010dfd69', '5', '0', '3', '00:00:00', '00:00:00', '1625052739'), ('10ab8ea5da44485fa28b23442eae2212', '2', '0', '3', '00:00:00', '00:00:00', '1625054324'), ('11d8c63ede5911ebaebafa163e8c653e', '3', '0', '3', '00:00:00', '00:00:00', '1625575969'), ('130182cc855842b29744aca95b513eb9', '3', '9', '1', '09:00:00', '18:00:00', '1609294330'), ('15bac04ec16d4a9396c8221c467ebe60', '1', '0', '1', '19:00:00', '23:00:00', '1625052644'), ('17a0c1e4d11440d3819ec11d7b36ad76', '1', '9', '1', '09:00:00', '18:00:00', '1609294330'), ('1c60615cdd5f11eb9769fa163e8c653e', '2', '0', '1', '00:30:00', '01:00:00', '1625468612'), ('1ed69ed8de5911eb9b9efa163e8c653e', '4', '0', '3', '00:00:00', '00:00:00', '1625575991'), ('1f98ad56c6bc4b02bc53a22d2d161741', '1', '0', '3', '00:00:00', '00:00:00', '1625052739'), ('20d6f66656c540ae9942eae41002cef1', '5', '0', '1', '19:00:00', '23:00:00', '1625052644'), ('261ce382de5911eba0cffa163e8c653e', '4', '0', '3', '00:00:00', '00:00:00', '1625576003'), ('261ce544de5911eba201fa163e8c653e', '3', '0', '3', '00:00:00', '00:00:00', '1625576003'), ('2b1fe6fede5911eba398fa163e8c653e', '4', '0', '3', '00:00:00', '00:00:00', '1625576011'), ('30a0bf9ade5911eb8134fa163e8c653e', '3', '0', '3', '00:00:00', '00:00:00', '1625576020'), ('3314ec7ede5411eb9a6efa163e8c653e', '1', '0', '1', '00:00:00', '01:00:00', '1625573877'), ('3314eeb8de5411eba845fa163e8c653e', '1', '0', '1', '00:30:00', '01:30:00', '1625573877'), ('3314f016de5411eb8ed8fa163e8c653e', '3', '0', '1', '00:00:00', '01:00:00', '1625573877'), ('3314f138de5411ebb11dfa163e8c653e', '3', '0', '1', '00:30:00', '01:30:00', '1625573877'), ('3314f25ade5411eba9a3fa163e8c653e', '5', '0', '1', '00:00:00', '01:00:00', '1625573877'), ('3314f35ede5411ebaa63fa163e8c653e', '5', '0', '1', '00:30:00', '01:30:00', '1625573877'), ('3314f46cde5411eba2c0fa163e8c653e', '0', '0', '1', '00:00:00', '01:00:00', '1625573877'), ('3314f570de5411eb86a4fa163e8c653e', '0', '0', '1', '00:30:00', '01:30:00', '1625573877'), ('3522dbf6df1811eba664fa163e8c653e', '1', '8', '2', '00:00:00', '00:00:00', '1625658062'), ('3522ddf4df1811eb84d5fa163e8c653e', '2', '8', '2', '00:00:00', '00:00:00', '1625658062'), ('3536ca3cea2b4d76a46fee371c857993', '3', '11', '2', '00:00:00', '00:00:00', '1625052726'), ('35f4cfeade5911eba0f4fa163e8c653e', '4', '0', '3', '00:00:00', '00:00:00', '1625576029'), ('3684a82cd99a11eb91a90242ac150004', '1', '0', '3', '00:00:00', '00:00:00', '1625054192'), ('36854002d99a11ebbc9c0242ac150004', '2', '0', '3', '00:00:00', '00:00:00', '1625054192'), ('3685cf72d99a11eb88840242ac150004', '3', '0', '3', '00:00:00', '00:00:00', '1625054192'), ('36865e9cd99a11ebbbde0242ac150004', '4', '0', '3', '00:00:00', '00:00:00', '1625054192'), ('375e9df0de5611ebb612fa163e8c653e', '2', '7', '2', '00:00:00', '00:00:00', '1625574743'), ('375e9fb2de5611ebbbabfa163e8c653e', '3', '7', '2', '00:00:00', '00:00:00', '1625574743'), ('37d462007cf048c0b268e60359b968a0', '6', '0', '1', '19:00:00', '23:00:00', '1625052644'), ('397127dade5511eb9911fa163e8c653e', '4', '7', '2', '00:00:00', '00:00:00', '1625574317'), ('39712974de5511eb86a1fa163e8c653e', '5', '7', '2', '00:00:00', '00:00:00', '1625574317'), ('3be46ddedd3c11eb900cfa163e8c653e', '6', '0', '3', '00:00:00', '00:00:00', '1625453633'), ('3be46fdcdd3c11eb839ffa163e8c653e', '0', '0', '3', '00:00:00', '00:00:00', '1625453633'), ('3f74ae29799c42779aeb569b07c67dae', '2', '0', '1', '13:00:00', '18:00:00', '1625052644'), ('46a4fd06df1711eb9910fa163e8c653e', '2', '12', '2', '00:00:00', '00:00:00', '1625657662'), ('46a4feb4df1711ebab03fa163e8c653e', '1', '12', '2', '00:00:00', '00:00:00', '1625657662'), ('47b7461192f249fc9437e8b2992de64c', '2', '11', '2', '00:00:00', '00:00:00', '1625052726'), ('4829e26aded411eba95efa163e8c653e', '2', '0', '1', '01:00:00', '01:15:00', '1625628888'), ('4829e404ded411ebbef3fa163e8c653e', '2', '0', '1', '00:45:00', '01:00:00', '1625628888'), ('4829e558ded411eb8f77fa163e8c653e', '1', '0', '1', '01:00:00', '01:15:00', '1625628888'), ('4829e684ded411ebbbb5fa163e8c653e', '1', '0', '1', '00:45:00', '01:00:00', '1625628888'), ('4b73c4f937304710909c000a94583a78', '2', '9', '1', '09:00:00', '18:00:00', '1609294330'), ('4d329e1b99a94f3b96419a34fb905685', '5', '9', '1', '09:00:00', '18:00:00', '1609294330'), ('538101756535470688b303ba66366df4', '2', '0', '1', '19:00:00', '23:00:00', '1625052644'), ('599ef9a4de5711eb9a09fa163e8c653e', '2', '0', '3', '00:00:00', '00:00:00', '1625575230'), ('5c09017edafd11eb8d30fa163e8c653e', '2', '0', '1', '00:30:00', '01:00:00', '1625206726'), ('5c090322dafd11eb8e81fa163e8c653e', '3', '0', '1', '00:30:00', '01:00:00', '1625206726'), ('5c71fda4de5a11eb86befa163e8c653e', '2', '0', '3', '00:00:00', '00:00:00', '1625576523'), ('5cadd462afd14f8296580148fb1552cb', '4', '9', '1', '09:00:00', '18:00:00', '1609294330'), ('5f1e0995087247babc3a4b1a795d29e0', '6', '11', '2', '00:00:00', '00:00:00', '1625052726'), ('613e0c86da3311eb924dfa163e8c653e', '2', '0', '1', '00:00:00', '00:45:00', '1625119976'), ('613e0f1ada3311eba369fa163e8c653e', '2', '0', '1', '00:45:00', '01:00:00', '1625119976'), ('613e1082da3311ebbad9fa163e8c653e', '3', '0', '1', '00:00:00', '00:45:00', '1625119976'), ('613e1226da3311ebbef4fa163e8c653e', '3', '0', '1', '00:45:00', '01:00:00', '1625119976'), ('64f104a6f3cc4878b630731f79883cdc', '1', '0', '1', '13:00:00', '18:00:00', '1625052644'), ('659906e6de5711eba7aafa163e8c653e', '4', '7', '2', '00:00:00', '00:00:00', '1625575250'), ('659908a8de5711eba347fa163e8c653e', '5', '7', '2', '00:00:00', '00:00:00', '1625575250'), ('6effb5c525f845eb876c68c3ffbd41ba', '0', '0', '3', '00:00:00', '00:00:00', '1625054324'), ('6f52f64f11014f61855ce3171f167242', '6', '0', '3', '00:00:00', '00:00:00', '1625054324'), ('71c28d9c280a4f6e85cd858e4c5ef6b7', '3', '0', '1', '13:00:00', '18:00:00', '1625052644'), ('71cb1518bedd4a70a22d1238920d9503', '0', '0', '1', '19:00:00', '23:00:00', '1625052644'), ('7436b4ad7abb456db7b0e76a7724b87c', '5', '0', '3', '00:00:00', '00:00:00', '1625054324'), ('74c5f2a1ce764584872f912abc9280dc', '2', '0', '3', '00:00:00', '00:00:00', '1625052739'), ('7646ea8ede5811ebac88fa163e8c653e', '2', '0', '3', '00:00:00', '00:00:00', '1625575708'), ('77fb9d26da3311eba7c3fa163e8c653e', '3', '4', '2', '00:00:00', '00:00:00', '1625120015'), ('77fb9ecada3311eba04afa163e8c653e', '2', '4', '2', '00:00:00', '00:00:00', '1625120015'), ('77fba00ada3311ebaf11fa163e8c653e', '1', '4', '2', '00:00:00', '00:00:00', '1625120015'), ('77fba12cda3311eb8fa6fa163e8c653e', '5', '4', '2', '00:00:00', '00:00:00', '1625120015'), ('78451b36da3311eb9232fa163e8c653e', '3', '4', '2', '00:00:00', '00:00:00', '1625120015'), ('78451d0cda3311eb8e6cfa163e8c653e', '2', '4', '2', '00:00:00', '00:00:00', '1625120015'), ('78451e4cda3311eb9a14fa163e8c653e', '1', '4', '2', '00:00:00', '00:00:00', '1625120015'), ('78451f6eda3311ebbf89fa163e8c653e', '5', '4', '2', '00:00:00', '00:00:00', '1625120015'), ('7871bb32da3311eb861efa163e8c653e', '3', '4', '2', '00:00:00', '00:00:00', '1625120015'), ('7871bd58da3311eb9772fa163e8c653e', '2', '4', '2', '00:00:00', '00:00:00', '1625120015'), ('7871bea2da3311ebafc4fa163e8c653e', '1', '4', '2', '00:00:00', '00:00:00', '1625120015'), ('7871bfc4da3311eb8debfa163e8c653e', '5', '4', '2', '00:00:00', '00:00:00', '1625120015'), ('84347259a1994417900739115b65085d', '6', '0', '1', '13:00:00', '18:00:00', '1625052644'), ('84ba5b4f0d874f519061ddb4bf5e0b42', '1', '11', '2', '00:00:00', '00:00:00', '1625052726'), ('861bc8eb97224a19801f1268b107657f', '2', '0', '1', '09:00:00', '12:00:00', '1625052644'), ('8772ba8add7311eb9685fa163e8c653e', '4', '0', '1', '20:00:00', '21:00:00', '1625477382'), ('8ab83c56da3f11ebb9acfa163e8c653e', '2', '0', '1', '00:15:00', '00:45:00', '1625125200'), ('8ab83e36da3f11eb95d6fa163e8c653e', '2', '0', '1', '00:30:00', '01:00:00', '1625125200'), ('8ab83f8ada3f11eb8a89fa163e8c653e', '1', '0', '1', '00:15:00', '00:45:00', '1625125200'), ('8ab840acda3f11eb8c66fa163e8c653e', '1', '0', '1', '00:30:00', '01:00:00', '1625125200'), ('8ab841c4da3f11eba24afa163e8c653e', '3', '0', '1', '00:15:00', '00:45:00', '1625125200'), ('8ab842c8da3f11ebbb16fa163e8c653e', '3', '0', '1', '00:30:00', '01:00:00', '1625125200'), ('8ab843d6da3f11eb8e96fa163e8c653e', '4', '0', '1', '00:15:00', '00:45:00', '1625125200'), ('8ab8458eda3f11eba21dfa163e8c653e', '4', '0', '1', '00:30:00', '01:00:00', '1625125200'), ('8f8dd1ed2c644e13812251e42a725169', '5', '11', '2', '00:00:00', '00:00:00', '1625052726'), ('981795e4ae864857afc4f7eb003e3329', '0', '0', '3', '00:00:00', '00:00:00', '1609294330'), ('9c65f07ade5811ebb9c5fa163e8c653e', '3', '0', '3', '00:00:00', '00:00:00', '1625575772'), ('a2652a30be2c4f59af19d4f4388151be', '6', '0', '3', '00:00:00', '00:00:00', '1609294330'), ('a4f30200da4811eb8afdfa163e8c653e', '2', '5', '2', '00:00:00', '00:00:00', '1625129109'), ('a9142c096e414ac68e2660ef064b8840', '3', '0', '1', '09:00:00', '12:00:00', '1625052644'), ('a980a26380ec4f1ab9f5b26835debedc', '0', '11', '2', '00:00:00', '00:00:00', '1625052726'), ('ab41ff48814f406985917fcc4948a266', '3', '0', '3', '00:00:00', '00:00:00', '1625052739'), ('ac5c9724ded811eb97d6fa163e8c653e', '3', '0', '1', '09:00:00', '18:00:00', '1625630774'), ('ac5c994aded811eb9309fa163e8c653e', '2', '0', '1', '09:00:00', '18:00:00', '1625630774'), ('b391187946924495a292864f5df6a5e3', '5', '0', '1', '13:00:00', '18:00:00', '1625052644'), ('b39d0098dd5f11eb8423fa163e8c653e', '3', '0', '3', '00:00:00', '00:00:00', '1625468866'), ('b5389490de5811ebb13dfa163e8c653e', '1', '0', '1', '01:00:00', '00:00:00', '1625575813'), ('b99b904ede3c11ebb48efa163e8c653e', '2', '0', '1', '09:00:00', '18:00:00', '1625563795'), ('b99b9242de3c11ebacccfa163e8c653e', '2', '0', '1', '09:00:00', '18:00:00', '1625563795'), ('b99b93aade3c11eb8df2fa163e8c653e', '1', '0', '1', '09:00:00', '18:00:00', '1625563795'), ('b99b94d6de3c11ebbce5fa163e8c653e', '1', '0', '1', '09:00:00', '18:00:00', '1625563795'), ('c25df510de5911ebb75bfa163e8c653e', '3', '0', '1', '06:00:00', '02:00:00', '1625576265'), ('c2918a38687f470eb596c7e89dc5844e', '6', '0', '3', '00:00:00', '00:00:00', '1625052739'), ('c4ef66c0de5811eb8c9bfa163e8c653e', '1', '0', '1', '01:00:00', '01:30:00', '1625575840'), ('c5558d62dd3411eba094fa163e8c653e', '1', '0', '1', '09:00:00', '18:00:00', '1625450427'), ('c5559046dd3411ebbd5ffa163e8c653e', '2', '0', '1', '09:00:00', '18:00:00', '1625450427'), ('c5559280dd3411ebaca6fa163e8c653e', '3', '0', '1', '09:00:00', '18:00:00', '1625450427'), ('c5559474dd3411eb9541fa163e8c653e', '4', '0', '1', '09:00:00', '18:00:00', '1625450427'), ('c5559640dd3411eba4d8fa163e8c653e', '5', '0', '1', '09:00:00', '18:00:00', '1625450427'), ('cd90cf3ade5811eb9e5ffa163e8c653e', '3', '0', '1', '01:30:00', '00:30:00', '1625575854'), ('d1f06cbee2e44d84a5c76fac367c68a4', '1', '0', '3', '00:00:00', '00:00:00', '1625054324'), ('d593c72dc0614be1913f4705765b4a73', '0', '0', '3', '00:00:00', '00:00:00', '1625052739'), ('d5e46dd6de5811eb805ffa163e8c653e', '6', '0', '3', '00:00:00', '00:00:00', '1625575868'), ('dae186b4dd7e11eb97a5fa163e8c653e', '1', '9', '2', '00:00:00', '00:00:00', '1625482246'), ('dae1886cdd7e11eb8d84fa163e8c653e', '2', '9', '2', '00:00:00', '00:00:00', '1625482246'), ('dae189acdd7e11eba471fa163e8c653e', '3', '9', '2', '00:00:00', '00:00:00', '1625482246'), ('dae18acedd7e11eba74cfa163e8c653e', '4', '9', '2', '00:00:00', '00:00:00', '1625482246'), ('dae18be6dd7e11eb9e44fa163e8c653e', '5', '9', '2', '00:00:00', '00:00:00', '1625482246'), ('dae18ce0dd7e11eb8321fa163e8c653e', '6', '9', '2', '00:00:00', '00:00:00', '1625482246'), ('df4a9b44defc11ebac1efa163e8c653e', '2', '0', '3', '00:00:00', '00:00:00', '1625646321'), ('e3fe10ea416746d5bebb1b0f1b1be035', '6', '0', '1', '09:00:00', '12:00:00', '1625052644'), ('e60d7590de5811ebb277fa163e8c653e', '4', '0', '3', '00:00:00', '00:00:00', '1625575895'), ('e851fdb81d374224b188b9e39811ed5c', '5', '0', '1', '09:00:00', '12:00:00', '1625052644'), ('e9663cfcda3111eb9d9cfa163e8c653e', '2', '0', '1', '00:15:00', '00:45:00', '1625119346'), ('e9663faeda3111eb859dfa163e8c653e', '2', '0', '1', '00:30:00', '01:00:00', '1625119346'), ('e966417ada3111ebaaa9fa163e8c653e', '3', '0', '1', '00:15:00', '00:45:00', '1625119346'), ('e966433cda3111ebab99fa163e8c653e', '3', '0', '1', '00:30:00', '01:00:00', '1625119346'), ('e96644e0da3111eba9aafa163e8c653e', '4', '0', '1', '00:15:00', '00:45:00', '1625119346'), ('e9664684da3111eb85cffa163e8c653e', '4', '0', '1', '00:30:00', '01:00:00', '1625119346'), ('eba26326de5811eb8328fa163e8c653e', '3', '0', '3', '00:00:00', '00:00:00', '1625575905'), ('ed6f92eac0424a9ca3d27d118a784666', '3', '0', '3', '00:00:00', '00:00:00', '1625054324'), ('f0a4c42287784aa0a47755eb991edc40', '0', '0', '1', '13:00:00', '18:00:00', '1625052644'), ('f16b95acde5811ebac4afa163e8c653e', '4', '0', '3', '00:00:00', '00:00:00', '1625575914'), ('f68c734ede5811eb89dbfa163e8c653e', '3', '0', '3', '00:00:00', '00:00:00', '1625575923'), ('fd66b580de5811ebaffbfa163e8c653e', '2', '0', '3', '00:00:00', '00:00:00', '1625575934'), ('fe2c36baf64542d39b794a74e40d69b9', '0', '0', '1', '09:00:00', '12:00:00', '1625052644'), ('ff696050de5611ebac48fa163e8c653e', '2', '0', '1', '09:00:00', '18:00:00', '1625575079'), ('ff696262de5611eb922ffa163e8c653e', '2', '0', '1', '09:00:00', '18:00:00', '1625575079'), ('ff6963b6de5611ebb828fa163e8c653e', '2', '0', '1', '09:00:00', '18:00:00', '1625575079'), ('ff6964e2de5611eb84f7fa163e8c653e', '4', '0', '1', '09:00:00', '18:00:00', '1625575079'), ('ff696604de5611eb83c4fa163e8c653e', '4', '0', '1', '09:00:00', '18:00:00', '1625575079'), ('ff696708de5611ebb002fa163e8c653e', '4', '0', '1', '09:00:00', '18:00:00', '1625575079'), ('ff696816de5611ebaadefa163e8c653e', '6', '0', '1', '09:00:00', '18:00:00', '1625575079'), ('ff69691ade5611eb9bbefa163e8c653e', '6', '0', '1', '09:00:00', '18:00:00', '1625575079'), ('ff696a1ede5611ebaf7cfa163e8c653e', '6', '0', '1', '09:00:00', '18:00:00', '1625575079');
COMMIT;

-- ----------------------------
--  Table structure for `check_record`
-- ----------------------------
DROP TABLE IF EXISTS `check_record`;
CREATE TABLE `check_record` (
  `id` int(11) NOT NULL COMMENT '主键',
  `user_id` int(11) NOT NULL COMMENT '用户id',
  `check_time` int(11) NOT NULL COMMENT '打卡时间',
  `address_id` int(11) NOT NULL DEFAULT '0' COMMENT '打卡地点',
  PRIMARY KEY (`id`)
) ENGINE=InnoDB DEFAULT CHARSET=utf8mb4 COMMENT='打卡记录表';

-- ----------------------------
--  Records of `check_record`
-- ----------------------------
BEGIN;
INSERT INTO `check_record` VALUES ('0', '4', '1622218001', '1'), ('1', '10', '1620260574', '1'), ('2', '8', '1620261751', '1'), ('3', '9', '1620262572', '1'), ('4', '2', '1620262588', '1'), ('5', '4', '1620263401', '1'), ('6', '3', '1620263801', '1'), ('7', '7', '1620263950', '1'), ('8', '11', '1620264162', '1'), ('9', '1', '1620264171', '1'), ('10', '6', '1620264729', '1'), ('11', '5', '1620266537', '1'), ('12', '8', '1620298264', '1'), ('13', '9', '1620301662', '1'), ('14', '4', '1620301704', '1'), ('15', '1', '1620304196', '1'), ('16', '6', '1620304262', '1'), ('17', '7', '1620306101', '1'), ('18', '2', '1620307183', '1'), ('19', '3', '1620307391', '1'), ('20', '10', '1620310288', '1'), ('21', '5', '1620310472', '1'), ('22', '11', '1620313424', '1'), ('23', '3', '1620347563', '1'), ('24', '4', '1620348426', '1'), ('25', '8', '1620348593', '1'), ('26', '7', '1620349041', '1'), ('27', '1', '1620349316', '1'), ('28', '10', '1620349418', '1'), ('29', '5', '1620349651', '1'), ('30', '11', '1620349785', '1'), ('31', '2', '1620350651', '1'), ('32', '6', '1620351479', '1'), ('33', '9', '1620351973', '1'), ('34', '11', '1620384711', '1'), ('35', '6', '1620387220', '1'), ('36', '1', '1620388757', '1'), ('37', '2', '1620389866', '1'), ('38', '5', '1620390370', '1'), ('39', '3', '1620392771', '1'), ('40', '9', '1620393541', '1'), ('41', '4', '1620394276', '1'), ('42', '8', '1620396392', '1'), ('43', '7', '1620396950', '1'), ('44', '10', '1620399774', '1'), ('45', '3', '1620433253', '1'), ('46', '1', '1620433315', '1'), ('47', '11', '1620434271', '1'), ('48', '10', '1620434482', '1'), ('49', '2', '1620434875', '1'), ('50', '5', '1620435693', '1'), ('51', '7', '1620435129', '1'), ('52', '4', '1620436810', '1'), ('53', '8', '1620437191', '1'), ('54', '6', '1620438200', '1'), ('55', '9', '1620439917', '1'), ('56', '4', '1620471155', '1'), ('57', '3', '1620471482', '1'), ('58', '5', '1620472329', '1'), ('59', '6', '1620473943', '1'), ('60', '7', '1620474781', '1'), ('61', '2', '1620475871', '1'), ('62', '9', '1620476308', '1'), ('63', '1', '1620478033', '1'), ('64', '8', '1620479131', '1'), ('65', '11', '1620482924', '1'), ('66', '10', '1620484989', '1'), ('67', '1', '1620606038', '1'), ('68', '4', '1620607127', '1'), ('69', '2', '1620607389', '1'), ('70', '3', '1620607521', '1'), ('71', '5', '1620608236', '1'), ('72', '11', '1620608745', '1'), ('73', '6', '1620608906', '1'), ('74', '7', '1620609068', '1'), ('75', '9', '1620610121', '1'), ('76', '10', '1620610449', '1'), ('77', '8', '1620611343', '1'), ('78', '4', '1620644243', '1'), ('79', '5', '1620645126', '1'), ('80', '1', '1620645648', '1'), ('81', '6', '1620646282', '1'), ('82', '11', '1620646970', '1'), ('83', '3', '1620648109', '1'), ('84', '2', '1620652496', '1'), ('85', '8', '1620650419', '1'), ('86', '10', '1620653566', '1'), ('87', '7', '1620654970', '1'), ('88', '9', '1620655653', '1'), ('89', '1', '1620693205', '1'), ('90', '2', '1620694070', '1'), ('91', '3', '1620694388', '1'), ('92', '4', '1620694707', '1'), ('93', '6', '1620695901', '1'), ('94', '9', '1620695966', '1'), ('95', '5', '1620696090', '1'), ('96', '10', '1620696188', '1'), ('97', '11', '1620696672', '1'), ('98', '7', '1620697432', '1'), ('99', '8', '1620698674', '1'), ('100', '3', '1620732848', '1'), ('101', '7', '1620733062', '1'), ('102', '11', '1620733950', '1'), ('103', '4', '1620733971', '1'), ('104', '2', '1620735636', '1'), ('105', '10', '1620737241', '1'), ('106', '1', '1620738681', '1'), ('107', '6', '1620739450', '1'), ('108', '5', '1620739762', '1'), ('109', '9', '1620742503', '1'), ('111', '8', '1620742794', '1'), ('112', '1', '1620778847', '2'), ('113', '3', '1620779879', '1'), ('114', '4', '1620780247', '1'), ('115', '2', '1620780261', '1'), ('116', '11', '1620780842', '1'), ('117', '9', '1620781374', '1'), ('118', '8', '1620781400', '1'), ('119', '7', '1620781929', '1'), ('120', '6', '1620782494', '1'), ('121', '10', '1620782521', '1'), ('122', '8', '1620819749', '1'), ('123', '1', '1620821002', '2'), ('124', '7', '1620821484', '1'), ('125', '11', '1620821940', '1'), ('126', '6', '1620823448', '1'), ('127', '5', '1620824341', '1'), ('128', '10', '1620824372', '1'), ('129', '4', '1620825152', '1'), ('130', '3', '1620826989', '1'), ('131', '9', '1620829161', '1'), ('132', '2', '1620830291', '1'), ('133', '1', '1620865229', '1'), ('134', '2', '1620866393', '1'), ('135', '4', '1620866799', '1'), ('136', '3', '1620867065', '1'), ('137', '8', '1620867142', '1'), ('138', '9', '1620867398', '1'), ('139', '6', '1620867761', '1'), ('140', '11', '1620867786', '1'), ('141', '5', '1620868269', '1'), ('142', '7', '1620868867', '1'), ('143', '10', '1620868904', '1'), ('144', '9', '1620904303', '1'), ('145', '10', '1620907093', '1'), ('146', '5', '1620907930', '1'), ('147', '11', '1620898450', '1'), ('148', '6', '1620910145', '1'), ('149', '1', '1620910912', '1'), ('150', '4', '1620912104', '1'), ('151', '7', '1620912961', '1'), ('152', '8', '1620914818', '1'), ('153', '3', '1620917218', '1'), ('154', '2', '1620917242', '1'), ('155', '1', '1620951617', '1'), ('156', '2', '1620952401', '1'), ('157', '6', '1620953611', '1'), ('158', '7', '1620953902', '1'), ('159', '10', '1620954068', '1'), ('160', '3', '1620954115', '1'), ('161', '4', '1620954428', '1'), ('162', '9', '1620954573', '1'), ('163', '5', '1620954660', '1'), ('164', '8', '1620955249', '1'), ('165', '11', '1620955921', '1'), ('166', '3', '1620994265', '1'), ('167', '2', '1620994401', '1'), ('168', '10', '1620994436', '1'), ('169', '9', '1620996129', '1'), ('170', '8', '1620996562', '1'), ('171', '7', '1620998469', '1'), ('172', '6', '1621000311', '1'), ('173', '1', '1621000673', '1'), ('174', '11', '1621001032', '1'), ('175', '4', '1621001264', '1'), ('176', '5', '1621001419', '1'), ('177', '1', '1621210848', '1'), ('178', '4', '1621211913', '1'), ('179', '11', '1621212089', '1'), ('180', '2', '1621212432', '1'), ('181', '3', '1621213062', '1'), ('182', '7', '1621213342', '1'), ('183', '8', '1621213690', '1'), ('184', '5', '1621213692', '1'), ('185', '6', '1621213868', '1'), ('186', '9', '1621215902', '1'), ('187', '10', '1621217138', '1'), ('188', '5', '1621251852', '1'), ('189', '1', '1621253001', '1'), ('190', '3', '1621253469', '1'), ('191', '2', '1621254724', '1'), ('192', '4', '1621256132', '1'), ('193', '6', '1621258278', '1'), ('194', '7', '1621259532', '1'), ('195', '8', '1621260662', '1'), ('196', '9', '1621261677', '1'), ('197', '10', '1621261909', '1'), ('198', '11', '1621263491', '1'), ('199', '1', '1621297211', '1'), ('200', '2', '1621298247', '1'), ('201', '3', '1621298504', '1'), ('202', '4', '1621299349', '1'), ('203', '11', '1621299592', '1'), ('204', '9', '1621299813', '1'), ('205', '6', '1621299862', '1'), ('206', '7', '1621300914', '1'), ('207', '8', '1621301631', '1'), ('208', '5', '1621301697', '1'), ('211', '10', '1621302708', '1'), ('212', '4', '1621338262', '1'), ('213', '5', '1621339068', '1'), ('214', '8', '1621339375', '1'), ('215', '3', '1621339903', '1'), ('216', '1', '1621341551', '1'), ('217', '2', '1621341562', '1'), ('218', '11', '1621342293', '1'), ('219', '9', '1621347072', '1'), ('220', '10', '1621349529', '1'), ('221', '1', '1621383671', '2'), ('222', '6', '1621384629', '1'), ('223', '2', '1621385751', '1'), ('224', '7', '1621385854', '1'), ('225', '3', '1621386108', '1'), ('226', '8', '1621386470', '1'), ('227', '5', '1621386476', '1'), ('228', '4', '1621387052', '1'), ('229', '9', '1621387229', '1'), ('230', '11', '1621387751', '1'), ('233', '10', '1621388911', '1'), ('234', '10', '1621424663', '1'), ('235', '11', '1621406710', '1'), ('236', '4', '1621426291', '1'), ('237', '5', '1621427941', '1'), ('238', '7', '1621429743', '1'), ('239', '1', '1621432777', '2'), ('240', '3', '1621432968', '1'), ('241', '2', '1621432981', '1'), ('242', '9', '1621434782', '1'), ('243', '1', '1621470061', '1'), ('244', '2', '1621471341', '1'), ('245', '3', '1621471861', '1'), ('246', '10', '1621471910', '1'), ('247', '4', '1621472211', '1'), ('248', '9', '1621472277', '1'), ('249', '5', '1621472591', '1'), ('250', '8', '1621472837', '1'), ('251', '6', '1621473099', '1'), ('252', '11', '1621473761', '1'), ('253', '7', '1621474924', '1'), ('254', '6', '1621509394', '1'), ('255', '5', '1621510966', '1'), ('256', '4', '1621512663', '1'), ('257', '1', '1621512771', '1'), ('258', '2', '1621512908', '1'), ('259', '3', '1621514973', '1'), ('260', '8', '1621516131', '1'), ('261', '7', '1621516681', '1'), ('262', '10', '1621518771', '1'), ('263', '9', '1621518809', '1'), ('264', '11', '1621524436', '1'), ('265', '1', '1621556419', '1'), ('266', '3', '1621557316', '1'), ('267', '2', '1621557581', '1'), ('268', '10', '1621558353', '1'), ('269', '11', '1621558783', '1'), ('270', '5', '1621559341', '1'), ('271', '6', '1621559478', '1'), ('272', '7', '1621560403', '1'), ('273', '8', '1621561635', '1'), ('274', '4', '1621561711', '1'), ('275', '9', '1621561906', '1'), ('276', '11', '1621597337', '1'), ('277', '3', '1621599094', '1'), ('278', '4', '1621600789', '1'), ('279', '1', '1621602316', '1'), ('280', '2', '1621602362', '1'), ('281', '5', '1621603203', '1'), ('282', '6', '1621604630', '1'), ('283', '7', '1621605486', '1'), ('284', '10', '1621605862', '1'), ('285', '8', '1621609631', '1'), ('286', '9', '1621610049', '1'), ('287', '1', '1621815662', '1'), ('288', '2', '1621816196', '1'), ('289', '3', '1621816991', '1'), ('290', '7', '1621817371', '1'), ('291', '8', '1621817513', '1'), ('292', '4', '1621818107', '1'), ('293', '9', '1621818436', '1'), ('294', '5', '1621818756', '1'), ('295', '10', '1621818765', '1'), ('296', '11', '1621818931', '1'), ('297', '6', '1621819082', '1'), ('298', '7', '1621858260', '1'), ('299', '1', '1621858308', '1'), ('300', '8', '1621858855', '1'), ('301', '2', '1621859892', '1'), ('302', '3', '1621860711', '1'), ('303', '4', '1621862581', '1'), ('304', '5', '1621863832', '1'), ('305', '6', '1621864593', '1'), ('306', '9', '1621864849', '1'), ('307', '10', '1621864921', '1'), ('308', '11', '1621870806', '1'), ('309', '1', '1621872179', '1'), ('310', '1', '1621902050', '1'), ('311', '2', '1621902517', '1'), ('312', '7', '1621902896', '1'), ('313', '3', '1621903269', '1'), ('314', '5', '1621903774', '1'), ('315', '4', '1621904170', '1'), ('316', '6', '1621904292', '1'), ('317', '8', '1621904625', '1'), ('318', '10', '1621905329', '1'), ('319', '9', '1621905718', '1'), ('320', '11', '1621906053', '1'), ('321', '7', '1621943257', '1'), ('322', '8', '1621943987', '1'), ('323', '1', '1621945581', '1'), ('324', '6', '1621945995', '1'), ('325', '2', '1621947834', '1'), ('326', '4', '1621948738', '1'), ('327', '3', '1621950062', '1'), ('328', '5', '1621950116', '1'), ('329', '9', '1621952384', '1'), ('330', '11', '1621953872', '1'), ('331', '10', '1621953911', '1'), ('332', '1', '1621988421', '1'), ('333', '2', '1621989936', '1'), ('334', '4', '1621990269', '1'), ('335', '3', '1621990661', '1'), ('336', '5', '1621990997', '1'), ('337', '6', '1621991334', '1'), ('338', '7', '1621991449', '1'), ('339', '9', '1621991648', '1'), ('340', '10', '1621991913', '1'), ('341', '8', '1621992082', '1'), ('342', '11', '1621993458', '1'), ('343', '1', '1622030568', '1'), ('344', '2', '1622032553', '1'), ('345', '3', '1622033232', '1'), ('346', '4', '1622033571', '1'), ('347', '6', '1622034575', '1'), ('348', '7', '1622034667', '1'), ('349', '8', '1622036668', '1'), ('350', '5', '1622037316', '1'), ('351', '9', '1622037717', '1'), ('352', '10', '1622038683', '1'), ('353', '11', '1622038899', '1'), ('354', '1', '1622074832', '1'), ('355', '2', '1622075617', '1'), ('356', '3', '1622075712', '1'), ('357', '10', '1622076160', '1'), ('358', '4', '1622076464', '1'), ('359', '9', '1622076756', '1'), ('360', '5', '1622076775', '1'), ('361', '6', '1622077158', '1'), ('362', '8', '1622078046', '1'), ('363', '11', '1622078856', '1'), ('364', '7', '1622079097', '1'), ('365', '4', '1622117363', '1'), ('366', '6', '1622119032', '1'), ('367', '5', '1622119469', '1'), ('368', '1', '1622120055', '2'), ('369', '3', '1622120272', '1'), ('370', '2', '1622120288', '1'), ('371', '8', '1622121108', '1'), ('372', '7', '1622123193', '1'), ('373', '9', '1622123599', '1'), ('374', '10', '1622124232', '1'), ('375', '11', '1622124430', '1'), ('376', '4', '1622128353', '1'), ('377', '1', '1622130687', '2'), ('378', '1', '1622161495', '2'), ('379', '2', '1622161884', '1'), ('380', '3', '1622162005', '1'), ('381', '4', '1622162957', '1'), ('382', '11', '1622162982', '1'), ('383', '10', '1622163458', '1'), ('384', '6', '1622163863', '1'), ('385', '5', '1622164366', '1'), ('386', '7', '1622164878', '1'), ('387', '8', '1622165785', '1'), ('388', '9', '1622167311', '1'), ('389', '1', '1622204373', '2'), ('390', '2', '1622204751', '1'), ('391', '3', '1622204769', '1'), ('392', '7', '1622206151', '1'), ('393', '4', '1622206768', '1'), ('394', '5', '1622208258', '1'), ('395', '6', '1622208745', '1'), ('396', '8', '1622209189', '1'), ('397', '9', '1622210901', '1'), ('398', '11', '1622211202', '1'), ('399', '10', '1622211337', '1'), ('400', '3', '1622216802', '1'), ('402', '1', '1622218388', '1'), ('403', '1', '1622420717', '1'), ('404', '2', '1622421079', '1'), ('405', '4', '1622421759', '1'), ('406', '3', '1622422194', '1'), ('407', '5', '1622422570', '1'), ('408', '6', '1622422764', '1'), ('409', '11', '1622422916', '1'), ('410', '9', '1622423561', '1'), ('411', '10', '1622425752', '1'), ('412', '7', '1622426358', '1'), ('413', '8', '1622426532', '1'), ('414', '6', '1622459842', '1'), ('415', '7', '1622461895', '1'), ('416', '1', '1622465719', '1'), ('417', '2', '1622465901', '1'), ('418', '3', '1622465920', '1'), ('419', '5', '1622466158', '1'), ('420', '4', '1622467034', '1'), ('421', '8', '1622470604', '1'), ('422', '9', '1622470680', '1'), ('423', '11', '1622470786', '1'), ('424', '10', '1622473339', '1'), ('425', '7', '1622473395', '1'), ('426', '8', '1622473551', '1'), ('427', '4', '1622478749', '1'), ('428', '1', '1622480116', '1');
COMMIT;
